name,address,phone,email
Herbert,Dreini,Male,hdreini0@hud.gov
Ronda,Lisciardelli,Female,rlisciardelli1@about.me
Korrie,Colvie,Female,kcolvie2@redcross.org
Correy,Syfax,Female,csyfax3@a8.net
Benoit,Cheeney,Male,bcheeney4@xing.com
Tammy,Marquez,Female,tmarquez5@istockphoto.com
Matthiew,Lodewick,Male,mlodewick6@example.com
Jon,Rignold,Male,jrignold7@dot.gov
Federico,McKelloch,Male,fmckelloch8@craigslist.org
Michell,Keysel,Female,mkeysel9@ow.ly
Christian,Brogini,Female,cbroginia@blinklist.com
Rudy,Stebbings,Male,rstebbingsb@alibaba.com
Emelen,Marling,Male,emarlingc@hubpages.com
Dinnie,Stoven,Genderfluid,dstovend@dell.com
Christoper,Fabri,Male,cfabrie@flickr.com
Clarissa,Fagg,Genderfluid,cfaggf@dmoz.org
Kelci,D'eath,Female,kdeathg@joomla.org
Mattie,Poleye,Male,mpoleyeh@com.com
Gretna,Rhubottom,Female,grhubottomi@globo.com
Hew,Piche,Male,hpichej@exblog.jp
Ferdy,Lovelock,Male,flovelockk@cnbc.com
Elfreda,Dany,Female,edanyl@java.com
Whit,Joppich,Male,wjoppichm@hugedomains.com
Odey,Collyer,Male,ocollyern@networkadvertising.org
Yoshi,Jack,Female,yjacko@whitehouse.gov
Fremont,Gunter,Agender,fgunterp@paypal.com
Shelli,Battersby,Female,sbattersbyq@narod.ru
Angil,Semechik,Female,asemechikr@soundcloud.com
Deonne,Acome,Non-binary,dacomes@blog.com
Myrah,Ipplett,Female,mipplettt@paginegialle.it
Elora,Detloff,Female,edetloffu@booking.com
Rayshell,Goodie,Polygender,rgoodiev@slideshare.net
Kaela,Dixcey,Bigender,kdixceyw@ebay.co.uk
Mohammed,Agget,Male,maggetx@mtv.com
Kipper,Ghiraldi,Male,kghiraldiy@wsj.com
Dame,Aartsen,Male,daartsenz@ucla.edu
Emmi,Lesper,Female,elesper10@hp.com
Prudi,Coan,Female,pcoan11@phoca.cz
Iago,Avramovich,Male,iavramovich12@t.co
Mellisa,Gordon,Female,mgordon13@npr.org
Hunter,Romushkin,Male,hromushkin14@vimeo.com
Toby,Alvarado,Male,talvarado15@homestead.com
Odelle,Torns,Female,otorns16@wsj.com
Dorri,Hukins,Polygender,dhukins17@acquirethisname.com
Debra,Groundwator,Female,dgroundwator18@zimbio.com
Shelba,Waldie,Female,swaldie19@mtv.com
Diandra,Snailham,Female,dsnailham1a@ifeng.com
Barbabas,Popple,Male,bpopple1b@so-net.ne.jp
Joyce,Inglese,Female,jinglese1c@joomla.org
Ingmar,Danks,Male,idanks1d@smugmug.com
